ID,TotalCases,TotalDeaths,TotalCases1M,TotalDeaths1M,TotalTests,TotalTests1M,Population,Continent,1CaseEvery,1DeathEvery,1TestEvery,AccessElectricity,GDP,GDPperCap,LifeExpect,DrsPer1k,NewInfecHIV,FertilityRate,UrbanPopulation,UrbanPopulationPerc,Latitude,Longitude
1,86087.0,4634.0,60.0,3.0,160000000.0,111163.0,1439323776.0,Asia,16719.0,310601.0,9.0,100.0,13894817110036.3,9976.67682180773,76.704,0.9186,1050.0,1.69,823827650.0,57.237132029423236,35.000074,104.999927
2,9801355.0,239829.0,29551.0,723.0,152050414.0,458433.0,331674530.0,North America,34.0,1383.0,2.0,100.0,20529049174601.5,62840.0202387954,78.5390243902439,1.9357,33000.0,1.7295,268720071.0,81.01920608736522,39.7837304,-100.4458825
3,8363412.0,124354.0,6040.0,90.0,112998959.0,81607.0,1384678624.0,Asia,166.0,11135.0,12.0,95.2358551025391,2713165057513.35,2005.86300452403,69.416,0.8571,1050.0,2.222,460295677.0,33.24205841138196,22.3511148,78.6677428
4,5590941.0,161170.0,26238.0,756.0,21900000.0,102777.0,213081672.0,South America,38.0,1322.0,10.0,100.0,1885482534238.33,9001.23424863499,75.672,2.1643,2300.0,1.73,181335507.0,85.10140984814498,-10.3333333,-53.2
6,1543321.0,38674.0,23626.0,592.0,16819377.0,257477.0,65323720.0,Europe,42.0,1689.0,4.0,100.0,2787863958885.49,41631.0907389044,82.7243902439024,3.2672,500.0,1.88,53870058.0,82.4663047358601,46.603354,1.8883335
7,1356798.0,38118.0,29016.0,815.0,18072174.0,386479.0,46761086.0,Europe,34.0,1227.0,3.0,100.0,1419735245004.7,30337.6791331632,83.4317073170732,3.4075,2600.0,1.26,37588424.0,80.38398423851832,39.3262345,-4.8380649
8,1205928.0,32520.0,26598.0,717.0,3114747.0,68699.0,45338767.0,South America,38.0,1394.0,15.0,100.0,519871519807.795,11683.9496216363,76.52,1.75935,5100.0,2.261,40877099.0,90.15926480753215,-34.9964963,-64.9672817
9,1108084.0,32013.0,21698.0,627.0,5215323.0,102122.0,51069547.0,South America,46.0,1595.0,10.0,99.9364471435547,333568926392.586,6718.58532391314,77.109,2.1848,10000.0,1.807,40105215.0,78.53058692688228,2.8894434,-73.783892
11,938405.0,92593.0,7252.0,716.0,2425553.0,18745.0,129399055.0,North America,138.0,1398.0,53.0,100.0,1220699479845.98,9673.44367360619,74.992,1.9357,1050.0,2.129,101149488.0,78.1686450492239,22.5000485,-100.0000375
12,911787.0,34671.0,27522.0,1047.0,4591407.0,138591.0,33129291.0,South America,36.0,956.0,7.0,95.2,222044970486.217,6941.23584763012,76.516,1.75935,3200.0,2.254,24921870.0,75.22608920305599,-6.8699697,-75.0458515
13,790374.0,39764.0,13079.0,658.0,16497767.0,273003.0,60430792.0,Europe,76.0,1520.0,4.0,100.0,2085764300862.27,34520.085162403,83.3463414634146,3.9774,2400.0,1.29,42559879.0,70.42747180940472,42.6384261,12.674297
14,730548.0,19585.0,12265.0,329.0,4893683.0,82156.0,59565429.0,Africa,82.0,3041.0,12.0,91.2298736572266,368288939768.322,6374.02819575944,63.857,0.1565,190000.0,2.405,38339668.0,64.3656373229512,-28.8166236,24.991639
16,597359.0,11028.0,7122.0,131.0,21882967.0,260894.0,83876966.0,Europe,140.0,7606.0,4.0,100.0,3949548833952.94,47639.0034407122,80.8926829268293,3.4075,500.0,1.57,64096118.0,76.41682938317058,51.0834196,10.4234469
17,515042.0,14340.0,26863.0,748.0,4427858.0,230945.0,19172818.0,South America,37.0,1337.0,4.0,100.0,298258019275.049,15924.7942393064,80.042,2.5912,4600.0,1.649,16400002.0,85.53777540682856,-31.7613365,-71.3187697
18,485870.0,11128.0,11988.0,275.0,2931341.0,72328.0,40528511.0,Asia,83.0,3642.0,14.0,99.9,224228010477.919,5834.16621076139,70.454,0.7079,1050.0,3.672,27085311.0,66.83026425520544,33.0955793,44.1749775
19,453310.0,12126.0,39055.0,1045.0,5068561.0,436677.0,11607113.0,Europe,26.0,957.0,2.0,100.0,542685915417.411,47491.3232594693,81.5951219512195,3.4075,500.0,1.62,11198627.0,96.48072694734685,50.6402809,4.6667145
20,439536.0,6475.0,11618.0,171.0,4963261.0,131192.0,37832148.0,Europe,86.0,5843.0,8.0,100.0,587114101392.696,15460.6442805468,77.6024390243903,3.4075,500.0,1.46,22806875.0,60.28437772023941,52.215933,19.134422
21,421731.0,14259.0,1536.0,52.0,4638515.0,16897.0,274519163.0,Asia,651.0,19252.0,59.0,98.51,1042240309412.58,3893.84642475571,71.509,0.4269,1050.0,2.311,148084795.0,53.94333618888383,-2.4833826,117.8902853
22,420617.0,7731.0,9638.0,177.0,3312549.0,75903.0,43641589.0,Europe,104.0,5645.0,13.0,100.0,130901858421.72,3096.81740221352,71.5826829268293,3.4075,12000.0,1.301,30946609.0,70.91082086859853,49.4871968,31.2718321
23,414164.0,6004.0,2506.0,36.0,2389677.0,14461.0,165254557.0,Asia,399.0,27524.0,69.0,85.1604232788086,274039092455.306,1698.35039428122,72.32,0.5809,1050.0,2.036,59107944.0,35.76781486273931,24.4768783,90.2932426
24,388131.0,7367.0,3526.0,67.0,4902459.0,44535.0,110081403.0,Asia,284.0,14943.0,22.0,94.8572311401367,346841896889.553,3252.09232412664,71.095,0.9186,14000.0,2.576,50027217.0,45.445657156095656,12.7503486,122.7312101
25,384509.0,10558.0,4542.0,125.0,14554923.0,171940.0,84651369.0,Asia,220.0,8018.0,6.0,100.0,771350331372.711,9370.1763549731,77.437,0.9186,1050.0,2.069,61857510.0,73.07325413721307,38.9597594,34.9249653
26,383523.0,7682.0,22365.0,448.0,3327701.0,194057.0,17148052.0,Europe,45.0,2232.0,5.0,100.0,914104847814.117,53048.0962104394,81.8121951219512,3.4075,500.0,1.59,15765213.0,91.9358828629631,52.5001698,5.7480821
28,348936.0,5471.0,9970.0,156.0,8215017.0,234719.0,34999331.0,Asia,100.0,6397.0,4.0,100.0,786521831573.333,23338.9634581127,74.998,2.6117,1050.0,2.319,28255384.0,80.73121169087489,25.6242618,42.3528328
29,337573.0,6867.0,1518.0,31.0,4541392.0,20424.0,222352298.0,Asia,659.0,32380.0,49.0,71.0915467008027,314567541558.339,1482.30566684338,67.114,0.9801,20000.0,3.51,77810763.0,34.99435971648919,30.3308401,71.247499
30,317332.0,2597.0,34502.0,282.0,4680374.0,508870.0,9197590.0,Asia,29.0,3542.0,2.0,100.0,370587977153.583,41719.7254417057,82.8024390243903,4.6249,1050.0,3.09,8209306.0,89.25496787745486,31.5313113,34.8667654
31,267088.0,7419.0,13916.0,387.0,3341867.0,174122.0,19192639.0,Europe,72.0,2587.0,6.0,100.0,241626953521.413,12408.5964891293,75.3585365853659,3.4075,1000.0,1.76,10514785.0,54.785509173595145,45.9852129,24.6859225
32,247703.0,10331.0,6543.0,273.0,9753158.0,257636.0,37856306.0,North America,153.0,3664.0,4.0,100.0,1716262621082.22,46313.1713712961,81.9487804878049,1.9357,1050.0,1.4988,30169097.0,79.69371602184323,61.0666922,-107.9917071
33,235310.0,3982.0,6349.0,107.0,3410053.0,92012.0,37060910.0,Africa,157.0,9307.0,11.0,100.0,117921394402.361,3222.20063433213,76.453,0.1565,1000.0,2.415,22501278.0,60.71431597335305,31.1728205,-7.3362482
34,192376.0,2555.0,22172.0,294.0,2080775.0,239818.0,8676493.0,Europe,45.0,3396.0,4.0,100.0,705140620046.7,82818.1081617471,83.7536585365854,3.4075,500.0,1.52,6283319.0,72.4177268396344,46.7985624,8.2319736
35,182923.0,1034.0,6240.0,35.0,1494122.0,50967.0,29315518.0,Asia,160.0,28352.0,20.0,93.92,29173513475.5597,1038.65164702443,70.478,0.7486,1000.0,1.917,5544546.0,18.913348213734444,28.1083929,84.0917139
36,171433.0,12704.0,9667.0,716.0,556763.0,31394.0,17734741.0,South America,103.0,1396.0,32.0,100.0,107562008000.0,6295.93539868079,76.8,1.75935,2300.0,2.427,10903407.0,61.480497516146414,-1.3397668,-79.3666965
37,156940.0,2694.0,15407.0,264.0,3518047.0,345370.0,10186314.0,Europe,65.0,3781.0,3.0,100.0,241274628877.362,23461.5718628115,81.3243902439024,3.4075,500.0,1.42,6706183.0,65.83522754158177,40.0332629,-7.8896263
38,141936.0,8751.0,12103.0,746.0,335263.0,28587.0,11727621.0,South America,83.0,1340.0,35.0,95.5853652954102,40287647901.5919,3548.59015254032,71.239,1.75935,1000.0,2.73,7881919.0,67.20816608926908,-17.0568696,-64.9912286
39,141764.0,5990.0,14007.0,592.0,2242469.0,221565.0,10121054.0,Europe,71.0,1690.0,5.0,100.0,555455371487.089,54589.0603860606,82.5585365853659,3.4075,500.0,1.76,8896291.0,87.89885915044026,59.6749712,14.5208584
41,136024.0,2744.0,31356.0,633.0,689899.0,159036.0,4337996.0,North America,32.0,1581.0,6.0,100.0,65128200000.0,15592.573678922,78.329,1.9357,1050.0,2.461,2828119.0,65.19413572534414,8.559559,-81.1308434
42,133370.0,232.0,47500.0,83.0,995459.0,354533.0,2807805.0,Asia,21.0,12103.0,3.0,100.0,191362087912.088,68793.7844372614,80.1,2.4852,1050.0,1.866,2757615.0,98.21248270446131,25.3336984,51.2295295
43,128843.0,794.0,30018.0,185.0,940518.0,219123.0,4292196.0,Asia,33.0,5406.0,5.0,100.0,140645364238.411,33994.3819171507,75.398,0.9186,1050.0,2.082,4137312.0,96.39149749918224,29.2733964,47.4979476
44,128278.0,2257.0,11784.0,207.0,609031.0,55949.0,10885378.0,North America,85.0,4823.0,18.0,100.0,85555378042.8196,8050.63044027449,73.892,1.9357,2600.0,2.346,8615868.0,79.1508388592477,19.0974031,-70.3028026
45,125099.0,1227.0,13863.0,136.0,2334815.0,258728.0,9024190.0,Europe,72.0,7355.0,4.0,100.0,455508255028.219,51525.0464342791,81.6926829268293,3.4075,500.0,1.47,5153759.0,57.11048858678729,47.2000338,13.199959
46,116847.0,1275.0,22687.0,248.0,376700.0,73139.0,5150485.0,Asia,44.0,4040.0,14.0,100.0,79275422626.788,16414.8880173692,77.633,2.0031,200.0,2.888,4082797.0,79.2701464036882,21.0000287,57.0036901
47,113741.0,1857.0,6033.0,98.0,3466616.0,183867.0,18853882.0,Asia,166.0,10153.0,5.0,100.0,179339994859.384,9812.60140498928,73.15,0.9186,3200.0,2.84,10495828.0,55.66932051447018,47.2286086,65.2093197
48,113261.0,1431.0,22164.0,280.0,318064.0,62242.0,5110157.0,North America,45.0,3571.0,16.0,100.0,60553901420.085,12112.1344206452,80.095,2.8939,1000.0,1.754,3966556.0,77.62102025436792,10.2735633,-84.0739102
49,109147.0,3752.0,6054.0,208.0,442049.0,24519.0,18028508.0,North America,165.0,4805.0,41.0,94.6954650878906,73118147808.2775,4472.89236269013,74.063,0.3549,1100.0,2.87,8345772.0,46.292083626665054,15.6356088,-89.8988087
51,102900.0,1786.0,814.0,14.0,2764092.0,21878.0,126341070.0,Asia,1228.0,70740.0,46.0,100.0,4954806619995.19,39159.4235633952,84.2109756097561,0.9186,1050.0,1.42,115920900.0,91.75234941416912,36.5748441,139.2394179
52,102313.0,995.0,10829.0,105.0,2573132.0,272340.0,9448239.0,Europe,92.0,9496.0,4.0,100.0,60031262269.3365,6330.0752464187,74.1756097560976,3.4075,1800.0,1.448,7453556.0,78.88830923942547,53.4250605,27.6971358
53,98688.0,2706.0,9910.0,272.0,231650.0,23262.0,9958470.0,North America,101.0,3680.0,43.0,91.88720703125,24024189735.8876,2505.7767518956,75.088,1.9357,1000.0,2.46,5474092.0,54.96920711715755,15.2572432,-86.0755145
54,97881.0,1503.0,844.0,13.0,1504305.0,12976.0,115926095.0,Africa,1184.0,77130.0,77.0,44.9799575805664,84269348327.3454,771.523813864476,66.24,0.0769,11000.0,4.247,22678295.0,19.562717954055124,10.2116702,38.6521203
55,97150.0,1448.0,32764.0,488.0,418080.0,140997.0,2965169.0,Asia,31.0,2048.0,7.0,100.0,12457941907.0333,4220.49027671249,74.945,0.9186,200.0,1.755,1864017.0,62.863769316352624,40.7696272,44.6736646
57,91234.0,1029.0,8911.0,101.0,1955425.0,190996.0,10238026.0,Asia,112.0,9949.0,5.0,99.9,42231295774.6479,4241.78878213854,74.405,0.9186,1050.0,2.761,9057879.0,88.47290483536572,31.1667049,36.941628
58,90988.0,2063.0,9427.0,214.0,1129648.0,117040.0,9651778.0,Europe,106.0,4679.0,9.0,100.0,157882912778.254,16150.7727613725,76.0658536585366,3.4075,500.0,1.55,6974963.0,72.26609439214205,47.1817585,19.5060937
59,87097.0,676.0,12781.0,99.0,1274375.0,187003.0,6814740.0,Asia,78.0,10081.0,5.0,100.0,54961275741.5589,8024.80327081387,78.875,2.1038,200.0,2.087,6067668.0,89.03741008461071,33.8750629,35.843409
60,82624.0,327.0,48001.0,190.0,1791603.0,1040845.0,1721296.0,Asia,21.0,5264.0,1.0,100.0,37652500000.0,23991.05667694,77.163,0.9186,1050.0,1.987,1401305.0,81.40987953263122,26.1551249,50.5344606
61,78507.0,1851.0,19477.0,459.0,382804.0,94972.0,4030687.0,Europe,51.0,2178.0,11.0,100.0,11457410264.1932,4233.99955588135,71.808,3.4075,1000.0,1.262,1153562.0,28.619488439563778,47.2879608,28.5670941
62,67779.0,577.0,2015.0,17.0,1377915.0,40966.0,33635352.0,Asia,496.0,58294.0,24.0,100.0,50392607758.2324,1529.08286351335,71.573,0.9186,3400.0,2.419,16635580.0,49.45861723106094,41.32373,63.9528098
64,65258.0,1454.0,9111.0,203.0,374486.0,52283.0,7162631.0,South America,110.0,4926.0,19.0,100.0,40384691790.5685,5805.67561638869,74.131,1.3544,1000.0,2.429,4283896.0,59.80897242926517,-23.3165935,-58.1693445
65,64591.0,1466.0,9320.0,212.0,759595.0,109609.0,6930066.0,Europe,107.0,4727.0,9.0,100.0,66200847917.924,9423.5586115666,74.9634146341464,3.4075,500.0,1.56,5269340.0,76.03592808495618,42.6073975,25.4856617
66,64587.0,900.0,9356.0,130.0,331898.0,48078.0,6903333.0,Africa,107.0,7670.0,21.0,67.0,52607888717.9487,7877.12225061884,72.724,0.1565,500.0,2.24,5349666.0,77.4939583531607,26.8234472,18.1236723
67,64363.0,1512.0,5426.0,127.0,363557.0,30651.0,11861191.0,Africa,184.0,7845.0,33.0,99.8,39770297328.9509,3438.78908914627,76.505,0.1565,1000.0,2.197,7973630.0,67.22453082493992,33.8439408,9.400138
68,63483.0,1930.0,12807.0,389.0,1679917.0,338915.0,4956757.0,Europe,78.0,2568.0,3.0,100.0,382674360766.341,78621.2279552716,82.2560975609756,3.3125,500.0,1.75,3074684.0,62.03015398979615,52.865196,-7.9794599
69,63328.0,1155.0,305.0,6.0,668729.0,3217.0,207866456.0,Africa,3282.0,179971.0,311.0,56.5,398160403206.519,2032.72970882575,54.332,0.3806,75000.0,5.387,98611179.0,47.43967877145123,9.6000359,7.9999721
71,59527.0,1999.0,1349.0,45.0,139614.0,14971.5,44121047.0,Africa,741.0,22072.0,66.5,100.0,173757952824.25,4114.71506136896,76.693,1.7193,1800.0,3.023,30670086.0,69.5135045186031,28.0000272,2.9999825
72,59509.0,780.0,5851.0,77.0,1391253.0,136790.0,10170693.0,Asia,171.0,13039.0,7.0,100.0,47112941176.4706,4739.84171028393,72.864,0.9186,1000.0,1.73,5534464.0,54.4158003785976,40.3936294,47.7872508
73,58587.0,1051.0,1081.0,19.0,717172.0,13239.0,54173088.0,Africa,925.0,51544.0,76.0,75.0,87778582964.1388,1707.98680529003,66.342,0.1565,33000.0,3.492,13891531.0,25.642863482325392,1.4419683,38.4313975
74,58036.0,28.0,9893.0,5.0,3879052.0,661251.0,5866231.0,Asia,101.0,209508.0,2.0,100.0,373217081850.534,66188.7793961798,83.1463414634146,0.9186,100.0,1.14,5638676.0,96.1209335261431,1.3408630000000001,103.83039182212079
75,56940.0,1330.0,1044.0,24.0,737090.0,13516.0,54535935.0,Asia,958.0,41004.0,74.0,66.2645721435547,76168043981.5932,1418.17762347196,66.867,0.677,9800.0,2.154,16423490.0,30.114987484857462,17.1750495,95.9999652
76,56567.0,654.0,13809.0,160.0,523382.0,127767.0,4096384.0,Europe,72.0,6264.0,8.0,100.0,60991399904.4434,14920.1913831924,78.0707317073171,3.4075,100.0,1.47,2327904.0,56.82826610005312,45.5643442,17.0118954
78,55598.0,1358.0,16983.0,415.0,327103.0,99920.0,3273658.0,Europe,59.0,2411.0,10.0,100.0,20183498491.2492,6072.18099160639,77.262,3.4075,500.0,1.265,1603630.0,48.98587451713038,44.3053476,17.5961467
79,53495.0,850.0,6131.0,97.0,1376236.0,157734.0,8725051.0,Europe,163.0,10265.0,6.0,100.0,50597289146.7041,7246.19198607054,75.890243902439,3.4075,200.0,1.49,3916682.0,44.890075714170614,44.024322850000004,21.07657433209902
80,50530.0,729.0,8713.0,126.0,5513701.0,950756.0,5799282.0,Europe,115.0,7955.0,1.0,100.0,355675329085.952,61390.6930097009,80.9536585365854,3.4075,500.0,1.73,5091100.0,87.78845381204087,55.670249,10.3333283
81,48643.0,320.0,1554.0,10.0,538972.0,17223.0,31293301.0,Africa,643.0,97792.0,58.0,82.3945770263672,65556464048.1539,2202.31216442504,63.78,0.1565,16000.0,3.87,16687441.0,53.32592109729811,8.0300284,-1.0800271
82,46892.0,673.0,4507.0,65.0,1853295.0,178112.0,10405215.0,Europe,222.0,15461.0,6.0,100.0,218138367444.99,20324.3050137875,81.7878048780488,3.4075,500.0,1.35,8485202.0,81.54758935783643,38.9953683,21.9877132
83,46817.0,381.0,11744.0,96.0,860418.0,215833.0,3986493.0,Asia,85.0,10463.0,5.0,100.0,17599700090.762,4722.78778321766,73.6,7.1201,1050.0,2.06,2184950.0,54.80882570218987,32.3293809,-83.1137366
84,41814.0,1548.0,1066.0,39.0,123965.0,3160.0,39225557.0,Asia,938.0,25340.0,316.0,98.7132034301758,19484384936.6312,524.162880925404,64.486,0.9186,1200.0,4.473,9477100.0,24.160523711619952,33.7680065,66.2385139
85,39408.0,441.0,18955.0,212.0,381927.0,183704.0,2079038.0,Europe,53.0,4714.0,5.0,100.0,54034358544.2622,26054.5421049784,81.3780487804878,3.4075,500.0,1.6,1131123.0,54.40607627181418,45.8133113,14.4808369
86,35425.0,271.0,1090.0,8.0,2198172.0,67619.0,32508341.0,Asia,918.0,119957.0,15.0,100.0,358581943446.259,11373.2330025676,75.997,0.9186,5500.0,2.001,23973075.0,73.74438148043298,4.5693754,102.2656823
87,35097.0,1071.0,16846.0,514.0,259115.0,124375.0,2083344.0,Europe,59.0,1945.0,8.0,100.0,12628854800.9772,6062.94260420864,75.688,3.4075,500.0,1.496,1207345.0,57.952263284411984,41.6171214,21.7168387
88,34577.0,992.0,5322.0,153.0,485374.0,74701.0,6497545.0,North America,188.0,6550.0,13.0,100.0,26117400000.0,4067.65944881154,73.096,1.9357,1000.0,2.039,4624412.0,71.17168099643789,13.8000382,-88.9140683
89,27622.0,907.0,1079.0,35.0,8933563.0,348946.0,25601593.0,Australia/Oceania,927.0,28227.0,3.0,100.0,1433904348500.12,57395.9194663167,82.7487804878049,1.82985,1000.0,1.74,21488110.0,83.9327068436718,-24.7761086,134.755
91,22578.0,282.0,4154.0,52.0,1754167.0,322702.0,5435881.0,Europe,241.0,19276.0,3.0,100.0,434166615431.909,81734.4655736102,82.7585365853659,2.9164,500.0,1.56,4368945.0,80.37234442770179,60.5000209,9.0999715
92,22300.0,536.0,7752.0,186.0,127148.0,44199.0,2876701.0,Europe,129.0,5367.0,23.0,100.0,15147020535.3869,5284.38018438156,78.458,3.4075,100.0,1.617,1728969.0,60.102492403624844,41.000028,19.9999619
93,22103.0,429.0,826.0,16.0,149000.0,5566.0,26769172.0,Africa,1211.0,62399.0,180.0,62.6600723266602,38694095650.9763,1534.49127445052,58.921,0.1565,14000.0,4.572,14215401.0,53.10362606658136,4.6125522,13.1535811
94,20851.0,326.0,33197.0,519.0,93721.0,149215.0,628094.0,Europe,30.0,1927.0,7.0,100.0,5506766650.92111,8850.09273291116,76.77,2.7557,100.0,1.745,415729.0,66.18897808289842,42.9868853,19.5180992
96,20344.0,171.0,32320.0,272.0,1106739.0,1758238.0,629459.0,Europe,31.0,3681.0,1.0,100.0,70919958015.5247,116654.26106674,82.2951219512195,3.4075,500.0,1.38,553119.0,87.87212511061085,49.8158683,6.1296751
97,18092.0,182.0,6679.0,67.0,1050223.0,387700.0,2708852.0,Europe,150.0,14884.0,3.0,100.0,53455170033.5194,19080.6173717553,75.6804878048781,6.3528,500.0,1.63,1896056.0,69.99481699258578,55.3500003,23.7499997
98,17111.0,244.0,613.0,9.0,89524.0,3205.0,27931331.0,Africa,1632.0,114473.0,312.0,25.9078121185303,13853433947.6241,527.501326141803,66.681,0.1565,4900.0,4.077,9767237.0,34.968748893491686,-18.9249604,46.4416422
99,16930.0,361.0,3054.0,65.0,1565694.0,282427.0,5543714.0,Europe,327.0,15357.0,4.0,100.0,275893681355.892,50021.2910567702,81.7341463414634,3.4075,500.0,1.41,4709266.0,84.94785264896421,63.2467777,25.9209164
100,16698.0,349.0,900.0,19.0,279302.0,15051.0,18557222.0,Africa,1111.0,53173.0,66.0,39.8126220703125,27005238896.1666,1556.33448154128,63.51,1.1867,46000.0,4.633,7551686.0,40.6940543148107,-14.5186239,27.5599164
101,15650.0,326.0,926.0,19.0,210376.0,12454.0,16892750.0,Africa,1079.0,51818.0,80.0,66.9594497680664,23236007428.2582,1465.59100640191,67.665,0.1565,1100.0,4.625,7481990.0,44.291130810554826,14.4750607,-14.4529612
102,13943.0,837.0,315.0,19.0,139614.0,14971.5,44195960.0,Africa,3170.0,52803.0,66.5,59.7835350036621,26078607538.5703,623.867252394076,65.095,0.1565,2700.0,4.407,14480887.0,32.76518260945118,14.5844444,29.4917691
103,13351.0,117.0,289.0,3.0,558978.0,12093.0,46224783.0,Africa,3462.0,395084.0,83.0,42.65,32772824208.9499,767.097759575903,62.973,0.1565,47000.0,4.955,10156999.0,21.973059343512766,1.5333554,32.2166578
104,13283.0,95.0,421.0,3.0,194146.0,6154.0,31550124.0,Africa,2375.0,332107.0,163.0,31.1,14717223206.9,498.957220208652,60.163,0.0838,110000.0,4.852,10615007.0,33.64489787742197,-19.302233,34.9144977
105,13046.0,133.0,5103.0,52.0,130228.0,50938.0,2556594.0,Africa,196.0,19223.0,20.0,53.8738746643066,13454211124.4607,5495.42883582824,63.373,0.4182,6200.0,3.396,1224911.0,47.91183113157584,-23.2335499,17.3231107
106,12331.0,73.0,930.0,6.0,45747.0,3452.0,13252819.0,Africa,1075.0,181545.0,290.0,44.0,12207116729.0778,983.309492239346,61.185,0.1565,4100.0,4.7,4486535.0,33.85343903059417,10.7226226,-10.7083587
107,12187.0,24.0,568.0,1.0,545043.0,25417.0,21444389.0,Asia,1760.0,893516.0,39.0,99.5834045410156,88425889592.1519,4080.56712469552,76.812,1.0041,200.0,2.199,4003749.0,18.67038039647574,7.5554942,80.7137847
108,11822.0,38.0,21740.0,70.0,150743.0,277207.0,543792.0,Asia,46.0,14310.0,4.0,100.0,5327457149.72581,10330.615614094,78.627,4.5627,1050.0,1.87,205288.0,37.7511989878483,4.7064352,73.3287853
109,11813.0,296.0,356.0,9.0,85213.0,2566.0,33208882.0,Africa,2811.0,112192.0,390.0,43.2592582702637,101353230784.594,3289.64666408633,60.782,0.1565,20000.0,5.519,20184707.0,60.781049479473594,-11.8775768,17.5691241
111,11180.0,83.0,1163.0,9.0,1384584.0,77373.0,9610274.0,Asia,860.0,115786.0,13.0,99.3,7522947810.12326,826.621530538704,70.879,0.9186,1100.0,3.585,2469421.0,25.695635733174726,38.6281733,70.8156541
113,9326.0,215.0,3145.0,72.0,98381.0,33174.0,2965649.0,North America,318.0,13794.0,30.0,98.9332809448242,15713908816.1463,5354.2368587703,74.368,1.9357,1500.0,1.979,1633951.0,55.09589975077968,18.1152958,-77.1598454610168
114,9287.0,39.0,32995.0,139.0,26355.0,93633.0,281470.0,Australia/Oceania,30.0,7217.0,11.0,100.0,14474627358.32777,5027.565776267385,77.462,1.82985,600.0,1.941,171700.0,61.00117241624329,-16.03442485,-146.0490931059517
115,9100.0,232.0,795.0,20.0,33019.0,2884.0,11450278.0,North America,1258.0,49355.0,347.0,45.277889251709,9658721169.63284,868.342024762787,63.66,0.2343,4600.0,2.935,6148669.0,53.69886215863056,19.1399952,-72.3570972
116,9053.0,95.0,16222.0,170.0,94729.0,169745.0,558065.0,Africa,62.0,5874.0,6.0,93.5859985351563,1966983316.32593,3617.32748829173,72.782,0.1565,100.0,2.274,357429.0,64.04791556539112,16.0000552,-24.0083947
117,9005.0,55.0,4014.0,25.0,249580.0,111245.0,2243513.0,Africa,249.0,40791.0,9.0,93.0356826782227,16862282413.8778,7956.62781558686,66.187,0.1565,1200.0,3.969,1893996.0,84.42099510900984,-0.8999695,11.6899699
118,8427.0,248.0,564.0,17.0,166266.0,11131.0,14937029.0,Africa,1773.0,60230.0,90.0,41.0415840148926,24311560500.0,1683.74057709465,61.195,0.2096,32000.0,3.615,4650663.0,31.135127340249525,-18.4554963,29.7468414
120,7744.0,164.0,1651.0,35.0,89940.0,19173.0,4690884.0,Africa,606.0,28603.0,52.0,44.526912689209,7049169770.86399,1600.87646860561,64.704,0.1865,3850.0,4.561,2363349.0,50.38174041396035,20.2540382,-9.2399263
121,7144.0,129.0,631.0,11.0,866228.0,76493.0,11324205.0,North America,1585.0,87785.0,13.0,100.0,100023000000.0,8821.81889125004,78.726,8.4218,1500.0,1.618,8734561.0,77.13178099478066,23.0131338,-80.8328748
123,6752.0,85.0,3594.0,45.0,472972.0,251736.0,1878843.0,Europe,278.0,22104.0,4.0,100.0,34313873284.5882,17805.2803143817,74.7829268292683,3.4075,500.0,1.6,1313215.0,69.89487679385664,56.8406494,24.7537645
124,6642.0,24.0,2805.0,10.0,299546.0,126510.0,2367773.0,Africa,356.0,98657.0,8.0,64.8517227172852,18663264705.8824,8279.60136473398,69.275,0.1565,9100.0,2.874,1565400.0,66.11275658604097,-23.1681782,24.5928742
125,6590.0,65.0,14911.0,147.0,349150.0,790018.0,441952.0,Europe,67.0,6799.0,1.0,100.0,14603581712.3288,30133.4661748731,82.4487804878049,3.4075,500.0,1.23,458518.0,103.74837086380421,35.8885993,14.4476911
128,5955.0,117.0,5115.0,100.0,54637.0,46927.0,1164300.0,Africa,196.0,9951.0,21.0,76.5039825439453,4710618470.04358,4145.97411002514,59.401,0.1565,4700.0,2.99,270402.0,23.224426694150992,-26.5624806,31.3991317
129,5934.0,184.0,308.0,10.0,63664.0,3299.0,19296795.0,Africa,3252.0,104874.0,303.0,18.02,6917301908.62757,381.258987601084,63.798,0.0358,31000.0,4.209,3072933.0,15.924577112416856,-13.2687204,33.9301963
130,5764.0,110.0,4114.0,79.0,33552.0,23948.0,1401062.0,North America,243.0,12737.0,42.0,100.0,23808146747.7994,17129.9130902577,73.38,4.1675,100.0,1.725,739182.0,52.75869304855888,10.8677845,-60.9821067
131,5580.0,61.0,5620.0,61.0,85891.0,86503.0,992921.0,Africa,178.0,16277.0,12.0,60.3954467773438,3012820409.63313,3141.88921873893,66.582,0.1565,100.0,2.728,745819.0,75.11362938239799,11.8145966,42.8453061
132,5514.0,156.0,829.0,23.0,88217.0,66136.0,6651638.0,North America,1206.0,42639.0,15.0,88.0779571533203,13063873077.8495,2020.54702818624,74.275,0.9775,500.0,2.404,3783748.0,56.88445462606354,12.6090157,-85.2936911
135,5333.0,73.0,4019.0,55.0,269065.0,202785.0,1326846.0,Europe,249.0,18176.0,5.0,100.0,30747159197.8965,23258.4675814303,78.2439024390244,4.4833,500.0,1.67,910578.0,68.62725591364786,58.7523778,25.3319078
136,5220.0,112.0,8871.0,190.0,19298.0,32795.0,588445.0,South America,113.0,5254.0,30.0,97.4,3458090452.26131,6003.723065571,71.57,1.2101,500.0,2.418,380500.0,64.66194801553246,4.1413025,-56.0771187
137,5174.0,35.0,396.0,3.0,562871.0,43096.0,13060736.0,Africa,2524.0,373164.0,23.0,34.7165718078613,9627720629.70522,782.618140904879,68.7,0.134,4600.0,4.044,2117287.0,16.211084888324823,-1.9646631,30.0644358
138,5100.0,27.0,4213.0,22.0,498638.0,411963.0,1210396.0,Asia,237.0,44829.0,2.0,100.0,24961995748.701,28689.7067225792,80.828,0.9186,1050.0,1.329,794548.0,65.64364059365695,34.9823018,33.1451285
139,5089.0,85.0,3588.0,60.0,66077.0,46586.0,1418394.0,Africa,279.0,16687.0,21.0,67.0325012207031,13278488567.3058,10144.1958108456,58.402,0.1565,4200.0,4.513,944333.0,66.57762229676662,1.613172,10.5170357
140,5045.0,75.0,65258.0,970.0,146308.0,1892534.0,77308.0,Europe,15.0,1031.0,1.0,100.0,3218316013.22626,41793.0552583729,81.3243902439024,3.4075,500.0,1.55,67813.0,87.71795933150514,42.5407167,1.5732033
141,4989.0,17.0,14587.0,50.0,359946.0,1052446.0,342009.0,Europe,69.0,20118.0,1.0,100.0,25737594324.9454,72968.7042306678,82.8609756097561,4.0778,500.0,1.71,330898.0,96.75125508393054,64.9841821,-18.1059013
143,4553.0,39.0,42582.0,365.0,40936.0,382855.0,106923.0,North America,23.0,2742.0,3.0,100.0,23808146747.7994,9673.44367360619,76.152,1.9357,1050.0,1.896,45948.0,42.97298055610112,12.5013629,-69.9618475
145,4324.0,130.0,5488.0,165.0,20739.0,26323.0,787867.0,South America,182.0,6061.0,38.0,91.8495254516602,3878662620.77146,4979.00218839886,69.774,0.8023,500.0,2.462,207262.0,26.306724358299054,4.8417097,-58.6416891
146,4229.0,107.0,264.0,7.0,139614.0,14971.5,16042466.0,Africa,3793.0,149930.0,66.5,35.2555351257324,14250985958.6727,1534.49127445052,57.068,0.1565,500.0,6.072,6749317.0,42.071568049450754,8.3676771,49.083416
148,3804.0,59.0,54.0,0.8,977854.0,13997.0,69860842.0,Asia,18365.0,1184082.0,71.0,100.0,506514103905.268,7295.47561612095,76.931,0.805,6100.0,1.525,34678853.0,49.639901276884125,14.8971921,100.83273
149,3790.0,61.0,9473.0,152.0,23788.0,59457.0,400089.0,North America,106.0,6559.0,17.0,99.5400161743164,1871200000.0,4884.7341615523,74.496,1.9357,1050.0,2.307,175155.0,43.779009170459574,16.8259793,-88.7600927
151,3609.0,137.0,177.0,7.0,77748.0,3802.0,20446917.0,Africa,5666.0,149248.0,263.0,50.9,17172022684.31,900.110164506815,58.893,0.1286,3850.0,5.877,8080546.0,39.51963026993263,16.3700359,-2.2900239
152,3245.0,61.0,933.0,18.0,330875.0,95136.0,3477909.0,South America,1072.0,57015.0,11.0,100.0,59596885023.0917,17277.9701101852,77.77,1.75935,2300.0,1.973,3288355.0,94.54977114122308,-32.8755548,-56.0201525
153,2943.0,59.0,262.0,5.0,12044.0,1072.0,11238833.0,Africa,3819.0,190489.0,933.0,28.2018566131592,14250985958.6727,1534.49127445052,57.604,0.1565,15000.0,4.696,2152927.0,19.15614370282039,7.8699431,29.6667897
154,2745.0,43.0,224.0,4.0,249629.0,20411.0,12230324.0,Africa,4455.0,284426.0,49.0,41.529239654541,14250985958.6727,1240.82946441954,61.47,0.0791,2900.0,4.836,5433806.0,44.4289619800751,9.5293472,2.2584408
155,2539.0,67.0,120.0,3.0,139614.0,14971.5,21096322.0,Africa,8309.0,314870.0,66.5,14.4,16199434624.5768,820.160793810547,61.174,0.1565,1800.0,5.189,5798656.0,27.48657325196307,12.0753083,-1.6880314
156,2414.0,42.0,1217.0,21.0,139614.0,14971.5,1983746.0,Africa,822.0,47232.0,66.5,28.6620216369629,1458156026.13413,777.969921786711,58.003,0.1565,1700.0,4.476,812700.0,40.96794650121538,12.100035,-14.9000214
157,2406.0,57.0,288.0,7.0,124264.0,14892.0,8344422.0,Africa,3468.0,146393.0,67.0,51.3452835083008,5356344850.49415,678.95563806112,60.76,0.0774,3500.0,4.32,3289910.0,39.426457578487764,8.7800265,1.0199765
158,2369.0,74.0,295.0,9.0,139614.0,14971.5,8032134.0,Africa,3391.0,108542.0,66.5,26.1,4085114794.22324,533.991184258936,54.309,0.1565,3500.0,4.263,3217272.0,40.05500904242882,8.6400349,-11.8400269
160,1971.0,25.0,394.0,5.0,1113739.0,222654.0,5002100.0,Australia/Oceania,2538.0,200084.0,4.0,100.0,207920613961.749,42949.9305849512,81.8585365853659,3.5898,200.0,1.71,4189305.0,83.7509246116631,-41.5000831,172.8344077
161,1963.0,44.0,914.0,20.0,23138.0,10771.0,2148113.0,Africa,1094.0,48821.0,93.0,47.0,2575892261.32457,1221.88376312516,53.705,0.1565,9700.0,3.141,593502.0,27.628993446806568,-29.6039267,28.3350193
162,1517.0,99.0,91.0,6.0,139614.0,14971.5,16584338.0,Africa,10932.0,167519.0,66.5,11.7593555450439,11239167048.4916,726.149881109447,53.977,0.1565,3600.0,5.747,3569015.0,21.52039472422716,15.6134137,19.0156172
163,1438.0,82.0,282.0,16.0,30332.0,5950.0,5097928.0,Africa,3545.0,62170.0,168.0,25.9182662963867,3264000000.0,677.322178545364,63.73,0.1565,1800.0,4.315,2464955.0,48.352095204169224,5.7499721,-9.3658524
164,1225.0,69.0,50.0,3.0,37896.0,1547.0,24498218.0,Africa,19999.0,355047.0,646.0,17.6,12826750567.1859,571.526992228733,62.024,0.1565,1000.0,6.913,3686254.0,15.047029134935448,17.7356214,9.3238432
165,1203.0,35.0,12.0,0.4,1246480.0,12766.0,97640614.0,Asia,81164.0,2789732.0,78.0,100.0,245213686369.157,2566.59694958511,75.317,0.9186,4900.0,2.049,34317154.0,35.146393077782164,13.2904027,108.4265113
167,994.0,42.0,29273.0,1237.0,10800.0,318059.0,33956.0,Europe,34.0,808.0,3.0,100.0,1637931034.48276,48481.0133042107,81.3243902439024,3.4075,500.0,1.55,32848.0,96.73695370479444,43.9458623,12.458306
168,958.0,16.0,4344.0,73.0,6382.0,28937.0,220546.0,Africa,230.0,13784.0,35.0,71.0,422295934.152254,2001.1369778051,70.17,0.1565,3850.0,4.321,153635.0,69.66120446528161,0.8875498,6.9648718
169,893.0,48.0,5120.0,275.0,165849.0,950882.0,174416.0,Europe,195.0,3634.0,1.0,100.0,100910908218.62234,28094.004139925753,82.928,3.4075,500.0,1.51,52708.0,30.219704614255573,33.96579515,-120.09189711105296
171,743.0,850.0,22056.0,212.0,68847.0,2043726.0,33687.0,Europe,45.0,4714.0,0.0,100.0,100910908218.62234,28094.004139925753,81.3243902439024,3.4075,500.0,1.55,33718.0,100.0920236292932,36.10674695,-5.335277183483561
174,659.0,3.0,17267.0,79.0,9155.0,239873.0,38166.0,Europe,58.0,12722.0,4.0,100.0,100910908218.62234,28094.004139925753,83.0414634146342,3.4075,500.0,1.58,5436.0,14.243043546612167,47.1416307,9.5531527
175,606.0,1.0,50.0,0.08,49642.0,4133.0,12009678.0,Africa,19818.0,12009678.0,242.0,11.0242519378662,3036931818.18182,271.752044376648,61.247,0.1565,1200.0,5.41,1456375.0,12.126678167391333,-3.3634357,29.8870575
177,597.0,7.0,66.0,0.8,29466.0,3272.0,9004748.0,Australia/Oceania,15083.0,1286393.0,306.0,58.967357635498,23412495063.4985,2720.3852453824,64.263,0.0699,2700.0,3.564,1133366.0,12.586315574850069,-5.6816069,144.2489081
179,554.0,7.0,632.0,8.0,139614.0,14971.5,875891.0,Africa,1581.0,125127.0,66.5,81.9227523803711,1178530757.72328,1415.95531263535,64.118,0.1565,100.0,4.205,241082.0,27.52420107068117,-12.2045176,44.2832964
180,509.0,21.0,8.0,0.3,139614.0,14971.5,60306440.0,Africa,118480.0,2871735.0,66.5,35.5589790344238,58001200572.3965,1060.99461489421,65.015,0.1565,67000.0,4.892,19022085.0,31.54237756365655,-6.5247123,35.7878438
182,480.0,103.0,135.0,11.5,139614.0,14971.5,3563247.0,Africa,7423.0,87461.0,66.5,49.6155433654785,14250985958.6727,1534.49127445052,65.941,0.1565,500.0,4.056,4486535.0,125.91142292409143,15.9500319,37.9999668
183,452.0,10.0,355.0,8.0,278091.0,218539.0,1272502.0,Africa,2815.0,127250.0,5.0,97.4660034179688,14181803715.4038,11208.2273695738,74.4163414634146,2.5331,1000.0,1.41,516155.0,40.562215226380786,-20.2759451,57.5703566
184,412.0,2.0,10473.0,51.0,51953.0,1320682.0,39338.0,Europe,95.0,19669.0,1.0,100.0,7188238072.74445,185829.017960407,81.3243902439024,3.4075,500.0,1.55,38682.0,98.33240124053079,43.7323492,7.4276832
185,358.0,1034.0,462.0,67.0,176649.0,228072.0,774531.0,Asia,2163.0,14943.0,4.0,100.0,2446674102.01858,3243.23112593497,71.46,0.4242,1050.0,1.975,308509.0,39.831717516794036,27.549511,90.5119273
186,357.0,24.0,4191.0,282.0,16463.0,193253.0,85189.0,Europe,239.0,3550.0,5.0,100.0,100910908218.62234,28094.004139925753,81.3243902439024,3.4075,500.0,1.55,44214.0,51.90106703917172,54.2358167,-4.514598745698255
187,352.0,1034.0,107.0,67.0,91206.0,27669.0,3296337.0,Asia,9365.0,14943.0,36.0,98.1,13108769495.7425,4134.98719823511,69.689,0.9186,100.0,2.895,2169849.0,65.82606693429707,46.8250388,103.8499736
188,292.0,1034.0,17.0,67.0,186213.0,11085.0,16798286.0,Asia,57528.0,14943.0,90.0,91.5506744384766,24571753583.4922,1512.12670972847,69.57,0.9186,1000.0,2.503,3800503.0,22.624349889030345,13.5066394,104.869423
189,242.0,1.0,3667.0,15.0,47377.0,717975.0,65987.0,North America,273.0,65987.0,1.0,100.0,5485419416.77667,85477.2870130687,75.03999999999999,1.9357,1050.0,2.0,64174.0,97.25248912664615,19.5417212,-80.5667132
190,239.0,7.0,831.0,24.0,37546.0,130596.0,287497.0,North America,1203.0,41071.0,8.0,100.0,5086500000.0,17745.1934649963,79.081,1.9357,100.0,1.619,89280.0,31.054237087691348,13.1500331,-59.5250305
191,206.0,9.0,3312.0,145.0,88217.0,1418348.0,62197.0,North America,302.0,6911.0,1.0,100.0,23808146747.7994,9673.44367360619,81.6517073170732,1.9357,1050.0,1.6,63920.0,102.77023007540556,32.3018217,-64.7603583
192,157.0,103.0,1593.0,11.5,5200.0,52761.0,98558.0,Africa,628.0,87461.0,19.0,100.0,1586008996.62616,16390.824875738,72.8414634146341,0.1565,3850.0,2.41,54855.0,55.65758233730392,-4.6574977,55.4540146
195,130.0,3.0,1324.0,31.0,3725.0,37929.0,98209.0,North America,755.0,32736.0,26.0,100.0,1610574074.07407,16726.9808079479,76.885,1.9357,1050.0,1.994,23685.0,24.11693429319105,17.2234721,-61.9554608
199,71.0,1.0,2343.0,33.0,5193.0,171380.0,30301.0,North America,427.0,30301.0,6.0,100.0,23808146747.7994,9673.44367360619,75.03999999999999,1.9357,1050.0,2.0,14222.0,46.93574469489456,18.4024395,-64.5661642
200,57.0,215.0,791.0,152.0,4765.0,66136.0,72048.0,North America,1264.0,6559.0,15.0,100.0,550892592.592593,7691.34509727878,75.03999999999999,1.9357,1050.0,2.0,50483.0,70.06856540084388,19.0974031,-70.3028026
202,34.0,2.0,38.0,2.0,12527.0,13939.0,898690.0,Australia/Oceania,26432.0,449345.0,72.0,99.5933609008789,5536759653.15704,6266.96795881419,67.341,1.82985,200.0,2.774,496942.0,55.296264562863726,-18.1239696,179.0122737
203,30.0,215.0,266.0,152.0,6252.0,55473.0,112704.0,North America,3757.0,6559.0,18.0,95.2919845581055,1168696296.2963,10485.9071571796,72.384,1.9357,1050.0,2.063,40427.0,35.87006672345258,12.1360374,-61.6904045
204,30.0,1034.0,23.0,67.0,11268.0,8491.0,1326997.0,Asia,44233.0,14943.0,118.0,85.5918350219727,1568611562.00556,1237.10268208254,69.26,0.7224,200.0,4.023,387720.0,29.21785053018206,-8.5151979,125.8375756
205,28.0,25.0,98.0,5.0,15750.0,54985.0,286444.0,Australia/Oceania,10230.0,200084.0,18.0,100.0,14474627358.32777,5027.565776267385,77.1487804878049,1.82985,600.0,1.97,200782.0,70.0946781918979,-20.454288599999998,164.55660583077983
209,17.0,215.0,299.0,152.0,10996.0,193578.0,56804.0,North America,3341.0,6559.0,5.0,100.0,3051626389.63671,54470.9563864255,75.03999999999999,1.9357,1050.0,2.0,48637.0,85.62249137384691,77.6192349,-42.8125967
213,13.0,25.0,19.0,5.0,115.0,166.0,692579.0,Australia/Oceania,53275.0,200084.0,6022.0,66.6660995483398,1395608475.32223,2137.69070046201,72.835,1.82985,600.0,4.403,155047.0,22.386904598608968,-8.7053941,159.10710973724628
217,1.0,25.0,17.0,5.0,26355.0,54985.0,59328.0,Australia/Oceania,59328.0,200084.0,18.0,96.3554763793945,221278000.0,3788.16359372058,77.1487804878049,1.82985,600.0,1.97,44996.0,75.84277238403452,8.9995549,168.0002575
